pair_id,pair,n_topic_rows,n_valid_micro,n_agree_micro,n_disagree_micro,agreement_rate_micro,agreement_rate_macro,agree_positive_share_micro,agree_positive_share_macro
regex_vs_mini,Regex vs GPT-5-mini,11,69971,63888,6083,0.9130639836503694,0.9130639836503694,0.09998747808665163,0.10185041860974317
regex_vs_51,Regex vs GPT-5.1,11,69971,63805,6166,0.9118777779365738,0.9118777779365737,0.1084867957056657,0.11016120523594918
regex_vs_54,Regex vs GPT-5.4,11,69971,63868,6103,0.91277815094825,0.91277815094825,0.09987787311329617,0.10200494889279442
mini_vs_51,GPT-5-mini vs GPT-5.1,11,69971,66234,3737,0.9465921596089809,0.9465921596089809,0.12623426034966936,0.12808766285652798
mini_vs_54,GPT-5-mini vs GPT-5.4,11,69971,66743,3228,0.9538666018779208,0.953866601877921,0.12047705377342942,0.12204587301703751
51_vs_54,GPT-5.1 vs GPT-5.4,11,69971,67328,2643,0.9622272084149147,0.9622272084149148,0.13232236216730037,0.13378558003679264
